,0,1
0,[ 10.77597162 106.65986162  -1.19128352   0.52724861],[ 10.77541281 106.66030518  -1.19135632   0.52765903]
1,[ 1.07758235e+01  1.06660269e+02  3.58002286e-04 -1.41660599e-01],[ 1.07758525e+01  1.06660184e+02  7.49447828e-06 -1.42139836e-01]
2,[ 10.77569379 106.66005608   0.43929289  -0.55824633],[ 10.77595609 106.66033919   0.43929429  -0.55820465]
3,[ 10.77582083 106.6598517    0.43926622  -0.55817934],[ 10.77581351 106.65976041   0.43927277  -0.55824072]
4,[ 1.07756664e+01  1.06659937e+02  7.49505242e-02 -1.38926893e-04],[1.07752083e+01 1.06660828e+02 7.47068540e-02 4.05495054e-04]
5,[ 10.77578557 106.6600436    0.87419449  -0.62233661],[ 10.77569568 106.66021103   0.87388482  -0.62226532]
6,[ 10.77591767 106.65997234  -1.08475083  -0.49301892],[ 10.77526907 106.66020307  -1.08467883  -0.49318742]
7,[ 10.77579173 106.66005819   0.82358594   1.01635014],[ 10.77553379 106.65978108   0.82407124   1.01706553]
8,[ 10.77570129 106.65996258   0.32484455   0.13420522],[ 10.77551927 106.6598812    0.32424618   0.13468729]
9,[ 1.07759298e+01  1.06660012e+02  1.86774305e-01 -1.57031630e-02],[ 1.07754039e+01  1.06659865e+02  1.87030221e-01 -1.57234206e-02]
10,[ 1.07758247e+01  1.06659818e+02 -4.76700220e-02 -3.55268913e-01],[ 1.07752574e+01  1.06659900e+02 -4.74687028e-02 -3.55557727e-01]
11,[ 10.77579358 106.65995888  -0.41044392  -0.59021625],[ 10.77593744 106.65973977  -0.41041706  -0.59054789]
12,[ 10.77562939 106.66005945  -0.41046241  -0.59036199],[ 10.77593886 106.65932585  -0.41069377  -0.59007855]
13,[ 10.77573093 106.66037519  -0.67178633   0.12246099],[ 10.77618746 106.65979499  -0.6718992    0.12174443]
14,[ 10.77594984 106.66003482  -1.10445347   1.12722804],[ 10.77529996 106.6599321   -1.10435842   1.12663103]
15,[ 10.77565029 106.66017636  -0.14875298  -2.27824731],[ 10.77584817 106.66006136  -0.14857503  -2.27814584]
16,[ 10.77582714 106.66019627   2.23804962   0.9504076 ],[ 10.77588883 106.66035487   2.23833653   0.95006467]
17,[ 10.77576174 106.66031854  -1.09522406   1.88765914],[ 10.77491405 106.66102776  -1.09484055   1.88809921]
18,[1.07758632e+01 1.06660200e+02 1.86826570e+00 8.13743753e-02],[1.07754412e+01 1.06660243e+02 1.86810064e+00 8.15778399e-02]
19,[ 10.77582553 106.66029996  -0.87225642  -1.01180994],[ 10.7757909  106.66029582  -0.87205149  -1.0114321 ]
20,[ 10.77581126 106.66021946   0.70716492  -1.10493881],[ 10.77599636 106.65979548   0.70673853  -1.10483036]
21,[ 10.77591844 106.6603428    1.25101207   0.83225548],[ 10.77554827 106.66032941   1.2510878    0.83231847]
22,[ 10.77569425 106.66055732   0.98002644  -0.19209955],[ 10.77551604 106.66058148   0.97987877  -0.19182341]
23,[ 1.07758506e+01  1.06660179e+02 -7.11348414e-02  1.31185799e-01],[ 1.07757386e+01  1.06660066e+02 -7.14117774e-02  1.30966790e-01]
24,[1.07757636e+01 1.06660348e+02 1.12352883e-02 9.27500754e-05],[ 1.07753208e+01  1.06660480e+02  1.13487459e-02 -4.49905194e-04]
25,[ 1.07756765e+01  1.06660309e+02  3.44354032e-02 -6.49164253e-05],[ 1.07753905e+01  1.06660322e+02  3.44210966e-02 -3.38019374e-05]
26,[1.07757764e+01 1.06660451e+02 2.19480375e-01 6.78406077e-02],[1.07753592e+01 1.06659828e+02 2.19303808e-01 6.83264391e-02]
27,[ 1.07757254e+01  1.06660200e+02 -2.30133575e-02  2.23364133e-01],[ 1.07761012e+01  1.06660167e+02 -2.23564825e-02  2.22764051e-01]
28,[ 1.07755808e+01  1.06660266e+02  5.21752373e-02 -1.31420466e-01],[ 1.07762428e+01  1.06660275e+02  5.20439955e-02 -1.31852593e-01]
29,[ 1.07758067e+01  1.06660210e+02  9.82237553e-02 -7.70682570e-05],[1.07755760e+01 1.06660310e+02 9.81744647e-02 1.59819028e-04]
30,[ 1.07756564e+01  1.06660282e+02 -2.04137947e-01 -1.19924524e-02],[ 1.07756536e+01  1.06660636e+02 -2.04323716e-01 -1.22623429e-02]
31,[ 1.07757701e+01  1.06660319e+02  6.39742656e-02 -4.15795266e-05],[ 1.07755829e+01  1.06660464e+02  6.44819189e-02 -1.67385100e-04]
32,[ 10.7754034  106.66045997   0.44673924  -0.31034432],[ 10.77561976 106.66068812   0.44669549  -0.31031009]
33,[ 10.77524177 106.66037345  -0.58031254   0.10882805],[ 10.7753702  106.66049058  -0.58066615   0.10845674]
34,[ 1.07753591e+01  1.06660453e+02  7.99417661e-02 -8.04485289e-05],[ 1.07755719e+01  1.06660576e+02  8.03208467e-02 -2.09087771e-04]
35,[ 1.07752009e+01  1.06660463e+02  1.03137635e-01 -5.68890704e-02],[ 1.07744914e+01  1.06660897e+02  1.03130726e-01 -5.72868264e-02]
36,[ 1.07751299e+01  1.06660318e+02  1.03142876e-01 -5.66133351e-02],[ 1.07751946e+01  1.06660940e+02  1.03275171e-01 -5.66983927e-02]
37,[ 1.07751218e+01  1.06660488e+02  1.03251331e-01 -5.64904878e-02],[ 1.07752901e+01  1.06660388e+02  1.03298119e-01 -5.66258962e-02]
38,[1.07752379e+01 1.06660685e+02 9.65026145e-02 4.77176218e-05],[ 1.07750601e+01  1.06660850e+02  9.63667081e-02 -3.04168222e-04]
39,[1.07751907e+01 1.06660678e+02 9.65569957e-02 2.03482691e-04],[ 1.07748902e+01  1.06660926e+02  9.71589906e-02 -6.07610122e-04]
40,[1.07750954e+01 1.06660724e+02 9.63884942e-02 5.83959164e-05],[ 1.07746440e+01  1.06660480e+02  9.69186393e-02 -2.60239646e-05]
41,[1.07752322e+01 1.06660362e+02 9.47286462e-02 1.20417390e-04],[1.07750775e+01 1.06660179e+02 9.46336865e-02 1.46506058e-04]
42,[ 1.07753072e+01  1.06660594e+02  9.46279880e-02 -1.48131876e-04],[1.07749167e+01 1.06660572e+02 9.45528931e-02 2.05511955e-04]
43,[1.07751994e+01 1.06660619e+02 9.46927640e-02 6.80894466e-05],[ 1.07750961e+01  1.06660677e+02  9.49581516e-02 -4.61646620e-04]
44,[1.07751805e+01 1.06660618e+02 7.52872259e-02 1.66316762e-05],[1.07750355e+01 1.06660214e+02 7.55920397e-02 1.15260898e-04]
45,[1.07750746e+01 1.06660592e+02 7.54953022e-02 4.55969559e-05],[1.07752747e+01 1.06660625e+02 7.58327379e-02 3.84499195e-05]
46,[1.07752011e+01 1.06660583e+02 7.52232672e-02 1.12785531e-04],[1.07745128e+01 1.06660922e+02 7.52296101e-02 1.40075643e-05]
47,[1.07749988e+01 1.06660711e+02 7.55343522e-02 5.94764875e-05],[ 1.07753735e+01  1.06660496e+02  7.59493261e-02 -3.44172497e-04]
48,[1.07752045e+01 1.06660631e+02 7.54242100e-02 7.96187650e-06],[1.07752720e+01 1.06660757e+02 7.53832907e-02 3.39168812e-05]
49,[1.07750095e+01 1.06660601e+02 7.54490980e-02 2.83243085e-05],[1.07751996e+01 1.06661061e+02 7.56951594e-02 2.30315962e-04]
50,[ 1.07749774e+01  1.06660617e+02  7.56290559e-02 -2.09894327e-05],[1.07748160e+01 1.06660956e+02 7.56774499e-02 2.02181646e-04]
51,[1.07751060e+01 1.06660653e+02 8.36934830e-02 1.27450956e-01],[1.07750378e+01 1.06660726e+02 8.32688114e-02 1.27211371e-01]
52,[1.07750503e+01 1.06660558e+02 8.33812869e-02 1.27163897e-01],[1.07750784e+01 1.06660659e+02 8.35140780e-02 1.26683097e-01]
53,[1.07752360e+01 1.06660660e+02 8.36811995e-02 1.27452560e-01],[1.07747370e+01 1.06660066e+02 8.34586281e-02 1.27279599e-01]
54,[1.07751263e+01 1.06660690e+02 1.89232969e-02 2.35499437e-01],[1.07754074e+01 1.06660380e+02 1.91821586e-02 2.35408476e-01]
55,[1.07749292e+01 1.06660485e+02 1.88087009e-02 2.35626651e-01],[1.07750583e+01 1.06660715e+02 1.83846734e-02 2.35348263e-01]
56,[1.07750689e+01 1.06660768e+02 1.87831441e-02 2.35286150e-01],[1.07746103e+01 1.06660220e+02 1.84864305e-02 2.35189960e-01]
57,[1.07752323e+01 1.06660497e+02 3.32826305e-01 2.00337458e-02],[1.07755041e+01 1.06661440e+02 3.32502984e-01 1.97094041e-02]
58,[1.07751518e+01 1.06660610e+02 3.32915856e-01 1.99468054e-02],[1.07749086e+01 1.06660855e+02 3.33057361e-01 1.93484205e-02]
59,[1.07750781e+01 1.06660622e+02 3.32746043e-01 1.98722692e-02],[1.07755718e+01 1.06661105e+02 3.32577776e-01 2.05406191e-02]
60,[ 1.07751521e+01  1.06660453e+02  4.51029045e-01 -6.30989922e-02],[ 1.07751593e+01  1.06660695e+02  4.51301658e-01 -6.37038417e-02]
61,[ 1.07750159e+01  1.06660607e+02  4.51007152e-01 -6.34069017e-02],[ 1.07747457e+01  1.06660845e+02  4.51247140e-01 -6.33422629e-02]
62,[ 1.07751358e+01  1.06660834e+02  4.50948501e-01 -6.31964618e-02],[ 1.07748450e+01  1.06660184e+02  4.51314196e-01 -6.30168109e-02]
63,[ 1.07752060e+01  1.06660712e+02  4.50984683e-01 -6.32228193e-02],[ 1.07751012e+01  1.06660826e+02  4.51143622e-01 -6.27438194e-02]
64,[ 1.07750919e+01  1.06660319e+02 -5.37141922e-01  6.62383126e-02],[ 1.07754353e+01  1.06660725e+02 -5.37006570e-01  6.62992198e-02]
65,[ 1.07751012e+01  1.06660659e+02 -5.37391588e-01  6.62478607e-02],[ 1.07748468e+01  1.06660690e+02 -5.37352614e-01  6.63865393e-02]
66,[ 1.07751672e+01  1.06660604e+02 -5.37407776e-01  6.63960254e-02],[ 1.07751311e+01  1.06660540e+02 -5.37224431e-01  6.57691418e-02]
67,[ 10.77523178 106.66052332   0.12126234  -0.63757546],[ 10.77507236 106.66044903   0.1214608   -0.63776774]
68,[ 10.77500905 106.66063354   0.12151275  -0.63766872],[ 10.77480755 106.66026165   0.12119884  -0.63745201]
69,[ 10.77500899 106.66078076   0.12146899  -0.63775449],[ 10.77510259 106.66024294   0.12099724  -0.63787479]
70,[ 10.7750646  106.66060862   0.50641718  -0.59459574],[ 10.77543336 106.65988945   0.50630156  -0.59464726]
71,[ 10.77521787 106.66030294   0.50638816  -0.59459935],[ 10.77508845 106.66059331   0.5065978   -0.59444132]
72,[ 10.77485987 106.66051545   0.50631179  -0.5943472 ],[ 10.77504454 106.65990322   0.50625976  -0.59474435]
73,[ 10.77505335 106.66066997  -0.72048621  -0.55000621],[ 10.77504246 106.66055256  -0.72060941  -0.55036653]
74,[ 10.7749007  106.66060789  -0.7205245   -0.55018715],[ 10.77543581 106.66067978  -0.72114565  -0.55038529]
75,[ 10.77499972 106.66046711  -0.72052378  -0.55036084],[ 10.775231   106.66089105  -0.72095382  -0.54990016]
76,[ 10.77529157 106.66037748  -0.97449218  -0.27323795],[ 10.7749512  106.66075342  -0.97421344  -0.27337168]
77,[ 10.77502683 106.6607115   -0.97469462  -0.27345648],[ 10.77519981 106.66051323  -0.97453896  -0.27352395]
78,[ 10.77520045 106.66045965  -0.97458194  -0.27333822],[ 10.7749278  106.66041308  -0.97482891  -0.27292566]
79,[ 10.7751234  106.6604805    1.12301476  -0.12316822],[ 10.77520838 106.66068286   1.12329449  -0.12335946]
80,[ 10.77511393 106.66038491   1.12290919  -0.1232176 ],[ 10.77522872 106.66035926   1.12294283  -0.12309267]
81,[ 10.77503762 106.66050342   1.12301839  -0.12329451],[ 10.77588677 106.66044867   1.12300586  -0.12333838]
82,[ 10.77495578 106.66048414   1.12285869  -0.12317951],[ 10.77487774 106.6605898    1.12322873  -0.12317168]
83,[ 10.77508679 106.66045522  -0.38268446   1.12249684],[ 10.77488881 106.66098336  -0.38246692   1.12273412]
84,[ 10.77488086 106.66058818  -0.38294321   1.12239557],[ 10.77531083 106.66108492  -0.38285889   1.12305256]
85,[ 10.77507587 106.66063822  -0.3826363    1.12224748],[ 10.77466702 106.66031578  -0.38326754   1.12157488]
86,[ 10.77499763 106.66048137  -0.51695681   1.09372284],[ 10.77466421 106.66087945  -0.51748597   1.09387273]
87,[ 10.7750196  106.66045723  -0.51714486   1.09346697],[ 10.77449218 106.66053626  -0.5175543    1.09398836]
88,[ 10.77519625 106.66050232  -0.51703743   1.09359127],[ 10.77499065 106.66086032  -0.51724159   1.09361747]
89,[ 10.77527112 106.66040684   0.9601519   -0.73630926],[ 10.77450851 106.66031872   0.96028419  -0.73669146]
90,[ 10.77484672 106.66049299   0.96030549  -0.73661638],[ 10.77484129 106.66086786   0.96019468  -0.7362702 ]
91,[ 10.77496663 106.66057641   0.96050121  -0.73652305],[ 10.77488476 106.66067988   0.96012865  -0.73641111]
92,[ 10.7748124  106.66047286  -0.30340926  -1.14722544],[ 10.77541884 106.66035502  -0.30315989  -1.14772215]
93,[ 10.77510203 106.66054573  -0.30334853  -1.1474141 ],[ 10.77467092 106.66033132  -0.30372319  -1.14726643]
94,[ 10.77514074 106.66047752  -0.30357459  -1.14717492],[ 10.77478429 106.66104702  -0.30337982  -1.14694671]
95,[ 10.77509285 106.66047406  -0.30337153  -1.14733652],[ 10.77530108 106.66011323  -0.30362623  -1.14761966]
96,[ 10.77496003 106.66037681   1.135166    -0.31361881],[ 10.7753245  106.66047459   1.13503544  -0.31368464]
97,[ 10.77529204 106.66056489   1.13521759  -0.31357157],[ 10.77495761 106.66062903   1.1352952   -0.31378959]
98,[ 10.77517394 106.66047068   1.13522772  -0.31365802],[ 10.77554305 106.66062556   1.13480122  -0.31353601]
99,[ 10.77502685 106.66044015  -0.53099756  -1.0247137 ],[ 10.77536927 106.66097354  -0.53098442  -1.02451809]
100,[ 10.77499217 106.66045146  -0.53081465  -1.02472524],[ 10.77489728 106.66064891  -0.53097525  -1.02444525]
101,[ 10.77492278 106.66033246  -0.53098045  -1.02465775],[ 10.7752525  106.66076345  -0.53088562  -1.02498327]
102,[ 10.77504127 106.66043368   0.93456329   0.60199669],[ 10.77469689 106.66054048   0.93376497   0.60170511]
103,[ 10.7751255  106.66059558   0.93447425   0.60190901],[ 10.77473871 106.66052352   0.93429068   0.60158061]
104,[ 10.77489517 106.66057219   0.93449972   0.60187533],[ 10.77494761 106.66058495   0.93443531   0.60218358]
105,[ 10.77502086 106.66067781  -0.74874216  -0.43077053],[ 10.77509279 106.66081632  -0.74878916  -0.43065468]
106,[ 10.77510141 106.66038322   0.42659585  -0.15273079],[ 10.77533703 106.65962824   0.42616172  -0.15284112]
107,[ 1.07750383e+01  1.06660591e+02  1.12360406e-03 -5.19756077e-05],[1.07750507e+01 1.06660030e+02 1.04010574e-03 5.50088177e-04]
108,[ 10.77487942 106.66039742   0.32916975  -0.25814831],[ 10.77510207 106.66019182   0.3287831   -0.25819342]
109,[ 10.7748158  106.6604476    0.14375835  -0.56907682],[ 10.77502243 106.66003624   0.14343231  -0.56886615]
110,[ 1.07751618e+01  1.06660469e+02  6.24460913e-01 -4.96868571e-02],[ 1.07757953e+01  1.06660589e+02  6.24445753e-01 -4.98311897e-02]
111,[ 10.77498169 106.66050358  -0.13907826  -0.58879014],[ 10.77503535 106.66035774  -0.13892242  -0.58851454]
112,[1.07749446e+01 1.06660329e+02 1.41565365e-02 3.51709117e-01],[1.07749146e+01 1.06660418e+02 1.38896325e-02 3.52248154e-01]
113,[ 1.07749186e+01  1.06660438e+02  1.55724047e-03 -2.07418164e-04],[ 1.07750529e+01  1.06660241e+02  9.43844172e-04 -1.24216671e-04]
114,[ 10.77488814 106.66052293   0.16946325  -0.37316461],[ 10.77505499 106.65984067   0.17002673  -0.37314344]
115,[ 10.77496548 106.66069676   0.59702256  -0.50039976],[ 10.77484789 106.66080233   0.59705383  -0.500558  ]
116,[ 10.77489164 106.66038111  -0.1396129   -0.91137346],[ 10.77496199 106.66032666  -0.13957699  -0.91173428]
117,[ 10.77474551 106.6603652   -0.62975457  -0.64762715],[ 10.77531758 106.66015487  -0.62986982  -0.6476293 ]
118,[ 10.77462556 106.66038188  -0.80618541   0.61481947],[ 10.77532703 106.66082814  -0.80632079   0.61473939]
119,[ 10.77480853 106.66028736   0.60475812  -0.87703825],[ 10.77460966 106.66024494   0.60513453  -0.87700611]
120,[ 10.77497487 106.66027454   0.70679614   0.666498  ],[ 10.77500293 106.66035478   0.70652482   0.66683313]
121,[ 1.07748952e+01  1.06660380e+02 -8.48895004e-01 -6.04072987e-02],[ 1.07748588e+01  1.06660440e+02 -8.48859078e-01 -5.98832463e-02]
122,[ 10.77472146 106.66032403   0.79879273  -0.11789148],[ 10.77466304 106.6604288    0.79877828  -0.11753187]
123,[ 10.77464233 106.66014059   0.94556877   0.23478272],[ 10.77443723 106.66011183   0.94509606   0.23455401]
124,[ 10.7747723  106.66004467  -1.04654871  -0.56038701],[ 10.77469291 106.66058073  -1.04623949  -0.56000049]
125,[1.07747913e+01 1.06660066e+02 1.28429799e+00 4.46915256e-02],[1.07748859e+01 1.06660426e+02 1.28431861e+00 4.46078141e-02]
126,[ 10.77484168 106.66005684  -1.03361269   0.71023909],[ 10.77446699 106.65984962  -1.03392861   0.70989735]
127,[ 1.07745611e+01  1.06659881e+02 -5.66216322e-02 -1.27494084e+00],[ 1.07747734e+01  1.06660182e+02 -5.64497436e-02 -1.27473645e+00]
128,[ 1.07744097e+01  1.06659941e+02  1.59403685e-02 -1.26454888e+00],[ 1.07745446e+01  1.06659863e+02  1.62915479e-02 -1.26423259e+00]
129,[ 1.07747582e+01  1.06660249e+02  1.35609688e+00 -2.18563233e-02],[ 1.07742671e+01  1.06659772e+02  1.35597061e+00 -2.19210440e-02]
130,[ 1.07747068e+01  1.06660312e+02  1.40984346e+00 -6.43025800e-02],[ 1.07747692e+01  1.06659897e+02  1.40978431e+00 -6.41454535e-02]
131,[ 10.77452537 106.66006896   1.31105046  -0.37896363],[ 10.77367697 106.66043233   1.31104513  -0.37886682]
132,[ 10.77454507 106.66017606  -1.32833762  -0.1446485 ],[ 10.77471174 106.66017002  -1.32880207  -0.14404901]
133,[ 10.77452328 106.66034649  -0.16988451   1.32222196],[ 10.77449555 106.66048631  -0.16985575   1.32310923]
134,[ 10.7745451  106.66012956  -0.26621378   1.2888935 ],[ 10.77397972 106.66033177  -0.26600797   1.28884004]
135,[ 10.77420252 106.66019772   1.28687384  -0.31372118],[ 10.7743456  106.66063756   1.28664027  -0.31345436]
136,[ 1.07743548e+01  1.06660279e+02 -1.22611478e+00 -5.27260206e-02],[ 1.07740397e+01  1.06660654e+02 -1.22576629e+00 -5.27503373e-02]
137,[ 1.07744052e+01  1.06660120e+02 -7.87017089e-02 -8.92771364e-01],[ 1.07740403e+01  1.06659783e+02 -7.85480071e-02 -8.92865269e-01]
138,[ 10.77414244 106.66009759   0.92166335  -0.27083851],[ 10.77442625 106.66060139   0.92181434  -0.27179343]
139,[ 10.7743207  106.65999283  -0.94927082  -0.69201251],[ 10.77368904 106.66063237  -0.94956117  -0.69177607]
140,[ 10.77414038 106.65997776  -1.12849568  -0.50256255],[ 10.77408335 106.66013313  -1.12864762  -0.50297318]
141,[ 10.7741155  106.66005035   1.19991252  -0.28913493],[ 10.77485901 106.66033062   1.20005175  -0.28893563]
142,[ 10.77412826 106.65995807   0.33487417  -1.14806448],[ 10.77388681 106.6601613    0.33429185  -1.14771616]
143,[ 10.77421926 106.65993161   0.80706064   0.63091899],[ 10.77409008 106.65989171   0.80725789   0.6311672 ]
144,[ 10.77403195 106.65997836   0.43976422   0.95579808],[ 10.77410881 106.66055434   0.4390885    0.95618282]
145,[ 10.77403171 106.65984476  -0.34685173   1.22183041],[ 10.77362526 106.65996076  -0.34655466   1.22182789]
146,[ 10.77370074 106.65975557  -0.94631631  -0.81673335],[ 10.77372114 106.65993238  -0.9469338   -0.81693668]
147,[ 10.77378045 106.65990941  -0.11564229   1.25876995],[ 10.77389104 106.66038812  -0.11562465   1.25835886]
148,[ 10.77374925 106.6598677   -0.2923427   -1.23062229],[ 10.77345455 106.65944136  -0.29307312  -1.23105756]
149,[ 10.77382872 106.65969925   0.14017145  -1.17543649],[ 10.77377723 106.65966012   0.14027433  -1.1747355 ]
150,[1.07736545e+01 1.06659873e+02 1.00290522e-01 1.15357703e+00],[1.07735963e+01 1.06659388e+02 1.00464232e-01 1.15356975e+00]
151,[ 10.77373779 106.65952422  -1.0820852   -0.52697936],[ 10.77341435 106.65936129  -1.08207554  -0.52645256]
152,[ 10.77365806 106.65974955  -1.25667705  -0.41551278],[ 10.77352005 106.65972798  -1.2565277   -0.41560423]
153,[ 10.77348281 106.65949597   0.63457266   1.22642566],[ 10.77341131 106.65923381   0.63424196   1.22609701]
154,[ 10.7734668  106.65952081  -1.0867234    0.81943094],[ 10.77421077 106.65894871  -1.0864555    0.81915306]
155,[ 10.77353501 106.65944283  -1.30373698  -0.29084897],[ 10.77345371 106.65935173  -1.3035015   -0.29055164]
156,[ 10.77341705 106.65939909  -1.23413265  -0.38378275],[ 10.77339924 106.65957506  -1.23453443  -0.38360207]
157,[ 10.77323854 106.65933134   0.20572065   1.28140279],[ 10.77326853 106.65944525   0.20537665   1.28109099]
158,[ 10.77339134 106.6591685    0.96755639  -0.92350974],[ 10.77359028 106.65939654   0.96801935  -0.92342516]
159,[ 10.77322418 106.65916017  -0.45050794   1.16402   ],[ 10.77346708 106.65943503  -0.45040839   1.1642114 ]
160,[ 10.77338586 106.65934328   1.04911041  -0.55579846],[ 10.77332569 106.65903021   1.04878374  -0.55588687]
161,[ 1.07730082e+01  1.06659128e+02  4.11356446e-02 -1.18970556e+00],[ 1.07732774e+01  1.06659805e+02  4.08418913e-02 -1.18933923e+00]
162,[ 10.7731478  106.65923026   0.60879422  -1.05542569],[ 10.77345128 106.65905256   0.60804517  -1.05507768]
163,[ 10.77320381 106.65917682   1.11765761   0.39595325],[ 10.77281696 106.65895684   1.11760202   0.39606295]
164,[1.07731014e+01 1.06659067e+02 1.16259501e+00 3.28274171e-02],[1.07729466e+01 1.06658660e+02 1.16268448e+00 3.29540329e-02]
165,[ 10.77282688 106.65912222   0.51309329  -1.07990925],[ 10.77311027 106.65878225   0.51291367  -1.07975002]
166,[ 10.77285861 106.65894611  -0.76153081   0.76467134],[ 10.77250668 106.65914946  -0.76159983   0.76494322]
167,[ 10.77292804 106.65875743   0.98914879  -0.47979859],[ 10.77270329 106.65885169   0.98908614  -0.47946678]
168,[ 10.77300041 106.65898292  -0.44391893   1.11553963],[ 10.77270941 106.65905454  -0.44436371   1.11519515]
169,[ 10.77285162 106.658906    -1.20030452  -0.15043493],[ 10.77315699 106.65861303  -1.20047171  -0.15025903]
170,[ 10.77262209 106.65890522   0.64344633  -1.08309733],[ 10.77278896 106.65932814   0.64375472  -1.08325825]
171,[ 10.77298462 106.65877811  -0.74643138   0.96447024],[ 10.772448   106.65875553  -0.7462776    0.96481614]
172,[ 10.77254616 106.65873799   1.08248083  -0.55836758],[ 10.77265251 106.65871994   1.08261957  -0.55866519]
173,[ 1.07725626e+01  1.06658873e+02 -3.23166900e-02 -1.33394281e+00],[ 1.07725237e+01  1.06658873e+02 -3.27911377e-02 -1.33429620e+00]
174,[ 10.77237557 106.65874423  -1.16474484   0.324342  ],[ 10.77273349 106.65816393  -1.16437683   0.32434032]
175,[ 10.77245403 106.65871657  -1.09688606  -0.2354256 ],[ 10.77276512 106.65955366  -1.09651843  -0.23544042]
176,[ 10.77246845 106.65868239   1.03761476  -0.61262442],[ 10.77268079 106.65832816   1.03786833  -0.61297599]
177,[ 10.77222187 106.658443     1.09855469  -0.39480002],[ 10.77261791 106.65895849   1.09936776  -0.39466103]
178,[ 10.77237592 106.65840083   0.81235398  -0.85004121],[ 10.77223499 106.65821188   0.81213371  -0.84974277]
179,[ 1.07724046e+01  1.06658463e+02 -8.85169542e-02 -1.33599873e+00],[ 1.07722622e+01  1.06658526e+02 -8.82914665e-02 -1.33596865e+00]
180,[ 10.77229481 106.65854342  -0.74342513  -1.1560269 ],[ 10.77286407 106.65833093  -0.74291138  -1.15633357]
181,[ 10.77227365 106.65836875  -1.03212169   0.74029937],[ 10.77243184 106.65827769  -1.03213094   0.74035218]
182,[1.07721649e+01 1.06658411e+02 9.74700849e-02 1.27627761e+00],[1.07721091e+01 1.06658126e+02 9.74734658e-02 1.27601067e+00]
183,[ 10.77217162 106.65829518  -1.13305151   0.62745854],[ 10.77275037 106.65813991  -1.13343808   0.62717258]
184,[ 10.77208031 106.65811588   0.35515295  -1.17007285],[ 10.77275388 106.6581767    0.3551891   -1.17012155]
185,[ 10.77211546 106.6583513   -1.10746      0.29181972],[ 10.77214055 106.6582356   -1.10721019   0.29225541]
186,[ 10.77206197 106.65792396  -0.72132273   1.00629066],[ 10.77210256 106.65891163  -0.72117663   1.00588721]
187,[ 10.77207464 106.6578884    0.75918829  -1.00986167],[ 10.77265294 106.65814614   0.75947312  -1.0095683 ]
188,[ 10.77195944 106.6581027    0.46271903   1.18622374],[ 10.77221114 106.65785241   0.46245028   1.18593782]
189,[ 10.77195418 106.65784911  -0.81947355   1.035565  ],[ 10.77161887 106.65781051  -0.8200348    1.03566113]
190,[ 1.07720157e+01  1.06657923e+02  1.29922493e+00 -3.54719024e-02],[ 1.07717921e+01  1.06657714e+02  1.29939088e+00 -3.53460869e-02]
191,[ 10.77208608 106.65764891   1.06051759   0.26821297],[ 10.77168385 106.65763279   1.06077665   0.26807054]
192,[ 10.77177114 106.65764129   0.9121969    0.13291471],[ 10.77184287 106.65805346   0.91236082   0.13257275]
193,[ 10.77186389 106.65788301   0.58026066   0.65586612],[ 10.77121852 106.65747018   0.58066489   0.65563344]
194,[ 1.07703916e+01  1.06658493e+02 -7.85402625e-05  3.45194664e-05],[ 1.07701413e+01  1.06658431e+02 -1.49309802e-04 -4.56124165e-04]
195,[1.07702021e+01 1.06658654e+02 6.60150086e-05 1.40810879e-04],[ 1.07700236e+01  1.06658482e+02  2.41802666e-04 -3.43570428e-04]
196,[ 1.07699841e+01  1.06658480e+02  4.70750834e-02 -8.36697239e-01],[ 1.07702072e+01  1.06658431e+02  4.71627987e-02 -8.37179811e-01]
197,[ 1.07699671e+01  1.06658426e+02  4.69401894e-02 -8.36458991e-01],[ 1.07699462e+01  1.06658152e+02  4.68990698e-02 -8.36641148e-01]
198,[1.07704700e+01 1.06658227e+02 3.71465843e+00 4.09009971e-05],[1.07706645e+01 1.06657535e+02 3.71464398e+00 4.29468854e-05]
199,[ 10.76995384 106.65832271   1.94645385  -3.00660002],[ 10.76987361 106.65819652   1.94650199  -3.00646276]
200,[1.07690983e+01 1.06658569e+02 1.17918193e-02 1.85858049e+00],[1.07687900e+01 1.06658856e+02 1.14832490e-02 1.85839532e+00]
201,[ 10.76859943 106.65862969   0.66635183  -6.1891764 ],[ 10.76857696 106.65862113   0.66632268  -6.18911501]
202,[ 10.76788793 106.65894476  -7.96550165   0.68473717],[ 10.7677285  106.65937362  -7.9656772    0.68419504]
203,[ 10.76761884 106.65884224   6.60614621   6.46139816],[ 10.76780643 106.65876578   6.60631469   6.46149524]
204,[ 10.76702284 106.65932555  -0.60941578 -12.21581343],[ 10.76672776 106.65962991  -0.60978523 -12.21559503]
205,[ 10.76639751 106.65944577  -5.091543   -10.26972104],[ 10.76701115 106.65978862  -5.09153549 -10.26972172]
206,[ 10.76629948 106.65932905   5.24663696  -6.71770368],[ 10.76598925 106.65903981   5.24660262  -6.71807224]
207,[ 10.76605607 106.65939535  -5.3442095    3.38798136],[ 10.76617214 106.6596388   -5.34438364   3.38810843]
208,[ 10.76582342 106.65960027  -2.65664143  -6.40820088],[ 10.7656365  106.65942053  -2.65689993  -6.40821412]
209,[ 10.76583822 106.65941752  -0.8348293    6.98718211],[ 10.76577103 106.65954377  -0.83490296   6.98725607]
210,[ 10.76543964 106.65956846   5.11110182   3.74944959],[ 10.76577795 106.65917507   5.11115796   3.74995793]
211,[ 10.76526202 106.65959316  -4.40771999  -4.47858568],[ 10.76502444 106.66005736  -4.40766199  -4.47862873]
212,[ 10.76484743 106.65976238  -5.87230881   1.26532046],[ 10.76425258 106.65948983  -5.87262699   1.26474994]
213,[ 1.07645512e+01  1.06659693e+02 -4.04316005e-02  5.53115617e+00],[ 1.07648415e+01  1.06659870e+02 -4.06237673e-02  5.53101125e+00]
214,[ 10.76444159 106.65988892   0.4193029    2.01015637],[ 10.76401802 106.65980091   0.41943      2.01003314]
215,[ 1.07643243e+01  1.06659988e+02 -7.83445734e-05  3.08857602e-05],[ 1.07645899e+01  1.06659498e+02 -4.25762290e-04  1.86770214e-05]
216,[1.07643804e+01 1.06659911e+02 8.23419243e-05 2.31239879e-05],[ 1.07642713e+01  1.06659853e+02  7.17990236e-04 -9.69454011e-05]
217,[1.07643736e+01 1.06659760e+02 2.51192454e-05 4.01708320e-05],[1.07640983e+01 1.06659637e+02 2.83824462e-04 7.22834068e-05]
218,[ 10.76421425 106.65983917  -1.74722133  -1.60480403],[ 10.76433101 106.65946766  -1.74687345  -1.60503099]
219,[ 10.76435739 106.66000654   1.45324942  -1.20789088],[ 10.76448042 106.66003875   1.45308427  -1.20812097]
220,[ 10.76404099 106.65997613  -1.1917985   -1.18934216],[ 10.76376339 106.66009592  -1.19178463  -1.18996047]
221,[ 10.76399747 106.66015675  -0.85403599   1.89464099],[ 10.76389439 106.66042044  -0.85382549   1.89438789]
222,[ 10.76398241 106.66011661   1.8325724   -1.45233731],[ 10.76378227 106.65994591   1.8321306   -1.45273523]
223,[ 10.76361381 106.66014492  -4.4845914    0.67873014],[ 10.76369657 106.66053854  -4.48441759   0.67911278]
224,[ 10.76356518 106.66000212  -0.4640199    5.10381198],[ 10.76335191 106.66013716  -0.4639896    5.10389649]
225,[ 10.76330516 106.65992859  -1.96848273   2.21616209],[ 10.76341124 106.66045635  -1.96804367   2.21643004]
226,[ 10.76331395 106.66016547   0.99493147  -0.68613562],[ 10.76332451 106.66010351   0.9944613   -0.68592341]
227,[ 10.76319826 106.66009294  -1.08171806  -1.16247253],[ 10.76306924 106.65968644  -1.08175997  -1.16240414]
228,[ 10.76328218 106.66045413   0.49096681  -1.7149851 ],[ 10.76286545 106.66003521   0.49126563  -1.7151575 ]
229,[ 10.76295459 106.66034207  -2.05544197   0.65997211],[ 10.76271455 106.66004925  -2.05534155   0.66009786]
230,[ 10.76293423 106.66051269  -1.80541014  -2.96014244],[ 10.76314053 106.66048188  -1.80537734  -2.96058018]
231,[ 10.76273029 106.66043151  -4.20138893   3.82198067],[ 10.76275499 106.66044008  -4.20183999   3.82157871]
232,[ 10.76242031 106.66042001  -4.60521051   3.71745982],[ 10.76223879 106.66066329  -4.60565833   3.71762838]
233,[ 10.76201684 106.66046124   4.47696169  -3.57753526],[ 10.76213349 106.6599806    4.47682964  -3.57716328]
234,[ 10.76159916 106.66044141   5.71891682   0.90733094],[ 10.76149816 106.66026173   5.71891258   0.90677815]
235,[ 10.76173343 106.66045982   3.12714033  -1.03363723],[ 10.7618583  106.66071404   3.12721997  -1.03333914]
236,[1.07615919e+01 1.06660471e+02 3.88294607e-03 4.48203425e-05],[1.07613563e+01 1.06660736e+02 3.85344845e-03 8.80921744e-05]
237,[ 1.07616752e+01  1.06660437e+02 -2.78878402e-06 -4.20578942e-05],[ 1.07618380e+01  1.06660889e+02 -1.92542840e-04 -1.43011104e-04]
238,[ 10.76149294 106.66051482   0.98429601  -0.93664299],[ 10.76138187 106.66047836   0.98414788  -0.93634123]
239,[ 10.76156128 106.66055432   0.71185338  -0.78568735],[ 10.76130775 106.66060926   0.7115714   -0.78552644]
240,[ 10.76132326 106.66067107   0.89889527  -0.89527396],[ 10.7612123  106.66060833   0.89876812  -0.895992  ]
241,[ 10.76143134 106.66049572   0.13007454  -0.27209035],[ 10.76078752 106.66032415   0.13037544  -0.27220684]
242,[ 1.07612705e+01  1.06660753e+02  1.61421744e-04 -4.33259634e-05],[ 1.07614638e+01  1.06660893e+02  6.55957187e-04 -6.33646649e-04]
243,[ 1.07612837e+01  1.06660646e+02 -4.41725858e-05 -3.67513540e-05],[ 1.07616185e+01  1.06660808e+02  5.83608150e-05 -7.49993754e-05]
244,[1.07612108e+01 1.06660712e+02 1.82857058e-03 6.46568193e-05],[ 1.07607056e+01  1.06660571e+02  2.05862136e-03 -5.36608102e-04]
245,[1.07611166e+01 1.06660771e+02 5.95527157e-02 2.11381032e-05],[ 1.07607716e+01  1.06661026e+02  6.00122861e-02 -1.53351755e-04]
246,[ 1.07610435e+01  1.06660563e+02  1.39556184e-04 -1.54156311e-04],[ 1.07612048e+01  1.06660675e+02  1.42127278e-04 -2.85412874e-04]
247,[ 1.07611286e+01  1.06660710e+02 -5.12610290e-05  1.03041503e-04],[ 1.07607929e+01  1.06660655e+02  2.16070013e-04 -2.72991114e-04]
248,[ 10.76089585 106.66083283  -0.2180782   -0.92781546],[ 10.76089375 106.66038124  -0.21794746  -0.92845336]
249,[ 10.76099638 106.66070723  -0.69796441   0.24551953],[ 10.76106219 106.66087322  -0.69743633   0.24546754]
250,[ 10.76072577 106.66077033  -0.74172551  -1.06290204],[ 10.76083808 106.66084979  -0.74143282  -1.0626661 ]
251,[ 1.07608532e+01  1.06661025e+02  7.16794287e-02 -1.39158151e+00],[ 1.07607759e+01  1.06661279e+02  7.17410120e-02 -1.39178570e+00]
252,[ 10.76063809 106.66079822   0.1858943   -0.33425616],[ 10.76107179 106.66093702   0.18562429  -0.33429274]
253,[ 1.07604857e+01  1.06661070e+02  6.69194749e-02 -3.19733503e-04],[ 1.07607519e+01  1.06661002e+02  6.70411080e-02 -3.48720237e-04]
254,[ 10.76037999 106.66095288   0.12565056  -0.37011571],[ 10.76106744 106.660816     0.12556067  -0.37040789]
255,[ 1.07604168e+01  1.06661103e+02  8.98448146e-03 -1.34186623e-04],[ 1.07606827e+01  1.06660770e+02  8.65946803e-03 -2.46516368e-04]
256,[ 1.07606277e+01  1.06660919e+02 -9.82612861e-06  7.86767494e-05],[1.07600109e+01 1.06661343e+02 3.09568757e-04 8.16164257e-05]
257,[ 1.07605156e+01  1.06660939e+02  1.85866763e-03 -1.05483884e-04],[ 1.07602216e+01  1.06660610e+02  2.02072553e-03 -9.55738816e-06]
258,[1.07604655e+01 1.06661150e+02 7.51214979e-05 9.73604365e-05],[ 1.07604406e+01  1.06661328e+02  3.85042131e-04 -2.76831618e-04]
259,[ 1.07605275e+01  1.06661139e+02 -1.87293170e-05 -3.28476242e-05],[1.07604574e+01 1.06661233e+02 2.84855251e-04 8.14896819e-05]
260,[ 1.07603911e+01  1.06660817e+02 -4.88744477e-05 -1.03023639e-05],[ 1.07609086e+01  1.06660903e+02 -1.53491533e-05 -3.89885334e-05]
261,[ 1.07603924e+01  1.06660862e+02 -9.80325275e-05 -7.66072090e-05],[ 1.07609620e+01  1.06660704e+02 -2.86269200e-04 -1.40479291e-04]
262,[ 1.07604065e+01  1.06660853e+02 -3.62777133e-05  3.25299058e-05],[ 1.07604092e+01  1.06661038e+02 -2.68985428e-04  1.52344352e-04]
263,[1.07605530e+01 1.06660997e+02 1.01723360e-04 1.18422557e-04],[ 1.07606493e+01  1.06661073e+02 -2.93415747e-04  4.36490496e-05]
264,[ 1.07603950e+01  1.06661246e+02  1.13283923e-01 -5.38804344e-02],[ 1.07600635e+01  1.06661032e+02  1.12983054e-01 -5.40381573e-02]
265,[ 1.07603497e+01  1.06661124e+02  1.53620001e-03 -1.19945802e-06],[1.07606050e+01 1.06661030e+02 1.48520679e-03 7.66033255e-05]
266,[ 1.07603764e+01  1.06661011e+02 -8.06806907e-05  1.26082682e-05],[ 1.07603778e+01  1.06661105e+02 -1.91526197e-04 -1.78575718e-04]
267,[ 10.7602232  106.66103091   0.55388737   1.63980928],[ 10.76068107 106.66156106   0.55388492   1.64019452]
268,[ 10.76037368 106.66136884   0.93550773   0.69049978],[ 10.75972386 106.6609799    0.93561765   0.69050757]
269,[ 1.07603977e+01  1.06661205e+02 -2.74007422e-02 -1.18417235e+00],[ 1.07602643e+01  1.06660979e+02 -2.74563949e-02 -1.18394234e+00]
270,[ 10.76039237 106.66124257   0.35354465  -0.32899735],[ 10.76013132 106.66143717   0.35375586  -0.32872968]
271,[ 1.07603457e+01  1.06661357e+02  3.28258753e-02 -1.55839998e-04],[1.07606188e+01 1.06660990e+02 3.33479553e-02 4.74715136e-04]
272,[ 10.76036779 106.66145362   0.21713975  -1.14734898],[ 10.76021319 106.661023     0.21751577  -1.14711161]
273,[1.07604586e+01 1.06661615e+02 9.22688218e-01 9.57661310e-03],[1.07607231e+01 1.06661103e+02 9.23026403e-01 9.74167210e-03]
274,[ 1.07601783e+01  1.06661494e+02  5.93824705e-02 -2.84203062e-05],[1.07604865e+01 1.06661388e+02 5.92088645e-02 1.08478306e-04]
275,[ 1.07603546e+01  1.06661476e+02  5.91992334e-06 -2.04359036e-05],[1.07605605e+01 1.06661948e+02 1.35263259e-04 5.96256577e-04]
276,[ 1.07603561e+01  1.06661388e+02  1.02847780e-04 -5.54193790e-06],[1.07605748e+01 1.06660796e+02 1.42980811e-05 6.24572134e-05]
277,[ 1.07602240e+01  1.06661658e+02 -1.85152710e-04 -1.11016783e-04],[ 1.07597861e+01  1.06661869e+02 -3.50285202e-04 -6.34415292e-04]
278,[ 1.07605170e+01  1.06661583e+02 -1.49750122e-04 -7.32756941e-05],[ 1.07604889e+01  1.06661869e+02 -4.43945531e-04 -4.93048790e-04]
